All,Model,Excel,Variance,Model,Excel,Variance,Model,Excel,Variance,Model,Excel,Variance,Model,Excel,Variance,Model,Excel,Variance,Model,Excel,Variance,Model,Excel,Variance,Model,Excel,Variance,Model,Excel,Variance,Model,Excel,Variance,Model,Excel,Variance,Model,Excel,Variance,Model,Excel,Variance,Model,Excel,Variance,Model,Excel,Variance,Model,Excel,Variance,Model,Excel,Variance,Model,Excel,Variance,Model,Excel,Variance,Model,Excel,Variance,Model,Excel,Variance
Month,Active_Accounts,Active_Accounts,Active_Accounts,Total_Inflows,Total_Inflows,Total_Inflows,ACHoutPerActive,ACHoutPerActive,ACHoutPerActive,ACHoutShare,ACHoutShare,ACHoutShare,ACHoutQuantity,ACHoutQuantity,ACHoutQuantity,ACHoutAmount_Model,ACHoutAmount_Model,ACHoutAmount_Model,ACHoutRate_Model,ACHoutRate_Model,ACHoutRate_Model,RTPoutPerActive,RTPoutPerActive,RTPoutPerActive,RTPoutShare,RTPoutShare,RTPoutShare,RTPoutQuantity,RTPoutQuantity,RTPoutQuantity,RTPoutAmount,RTPoutAmount,RTPoutAmount,RTPoutRate_Model,RTPoutRate_Model,RTPoutRate_Model,WireOutPerActive,WireOutPerActive,WireOutPerActive,WireOutShare,WireOutShare,WireOutShare,WireOutQuantity,WireOutQuantity,WireOutQuantity,WireOutAmount,WireOutAmount,WireOutAmount,WireOutRate,WireOutRate,WireOutRate,DebitCardTransactionsPerActive,DebitCardTransactionsPerActive,DebitCardTransactionsPerActive,DebitCardTransactionShare,DebitCardTransactionShare,DebitCardTransactionShare,DebitQuantity,DebitQuantity,DebitQuantity,DebitAmount,DebitAmount,DebitAmount,DebitRate,DebitRate,DebitRate
1,1000,1000, -   ,1650500,1650500, -   ,0.98,0.98, -   ,0.4029082,0.4029082, -   ,980,980, -   ,665000,665000, -   ,678.5714286,678.5714286, (0.00000003),0.42,0.42, -   ,0.1726749,0.1726749, -   ,420,420, -   ,285000,285000, -   ,678.5714286,678.5714286, (0.00000003),0.001,0.001, -   ,0.000151469,0.000151469, -   ,1,1, -   ,250,250, -   ,250,250, -   ,4,4, -   ,0.856836844,0.856836844, -   ,4000,4000, -   ,600000,600000, -   ,150,150, -   
2,2800,2800, -   ,5547300,5547300, -   ,0.98,0.98, -   ,0.40276784,0.4027678, 0.0000000400 ,2744,2744, -   ,2234274,2234274, -   ,814.2397959,814.2397959, 0.00000002 ,0.42,0.42, -   ,0.17261476,0.1726148, (0.00000004),1176,1176, -   ,957546,957546, -   ,814.2397959,814.2397959, 0.00000002 ,0.00107,0.00107, -   ,0.000155045,0.000155045, 0.0000000002 ,3,3, -   ,860,860, -   ,286.6666667,286.6666667, (0.00000003),4.4,4.4, -   ,0.85614221,0.85614221, 0.0000000002 ,12320,12320, -   ,2015890,2015890, -   ,163.6274351,163.6274351, (0.00000004)
3,4600,4600, -   ,10635840,10635840, -   ,0.98,0.98, -   ,0.40262748,0.4026274, 0.0000000800 ,4508,4508, -   ,4282281,4282281, -   ,949.9292369,949.9292369, 0.00000001 ,0.42,0.42, -   ,0.17255462,0.1725547, (0.00000008),1932,1932, -   ,1835263,1835264, (1.00),949.929089,949.9296066, (0.00051757),0.00114,0.00114, -   ,0.000158621,0.000158621, 0.0000000004 ,5,5, -   ,1687,1687, -   ,337.4,337.4, -   ,4.8,4.8, -   ,0.855447576,0.855447576, 0.0000000004 ,22080,22080, -   ,3863722,3863721, 1.00 ,174.9874094,174.9873641, 0.00004532 
4,6400,6400, -   ,16918540,16918540, -   ,0.98,0.98, -   ,0.40248712,0.402487, 0.0000001200 ,6272,6272, -   ,6809494,6809492, 2.00 ,1085.697385,1085.697066, 0.00031920 ,0.42,0.42, -   ,0.17249448,0.1724946, (0.00000012),2688,2688, -   ,2918355,2918357, (2.00),1085.697545,1085.698289, (0.00074436),0.00121,0.00121, -   ,0.000162198,0.000162197, 0.0000000006 ,8,8, -   ,2744,2744, -   ,343,343, -   ,5.2,5.2, -   ,0.854752943,0.854752942, 0.0000000006 ,33280,33280, -   ,6143919,6143919, -   ,184.6129507,184.6129507, 0.00000002 
5,8200,8200, -   ,24395040,24395040, -   ,0.98,0.98, -   ,0.40234676,0.4023466, 0.0000001600 ,8036,8036, -   ,9815265,9815261, 4.00 ,1221.411772,1221.411274, 0.00049803 ,0.42,0.42, -   ,0.17243434,0.1724345, (0.00000016),3444,3444, -   ,4206543,4206547, (4.00),1221.412021,1221.413182, (0.00116109),0.00128,0.00128, -   ,0.000165774,0.000165773, 0.0000000008 ,10,10, -   ,4044,4044, -   ,404.4,404.4, -   ,5.6,5.6, -   ,0.854058309,0.854058308, 0.0000000008 ,45920,45920, -   ,8855891,8855891, -   ,192.8547692,192.8547692, (0.00000004)
6,10000,10000, -   ,33067600,33067600, -   ,0.98,0.98, -   ,0.4022064,0.4022064, -   ,9800,9800, -   ,13300000,13300000, -   ,1357.142857,1357.142857, 0.00000014 ,0.42,0.42, -   ,0.1723742,0.1723742, -   ,4200,4200, -   ,5700001,5700000, 1.00 ,1357.143095,1357.142857, 0.00023824 ,0.00135,0.00135, -   ,0.00016935,0.00016935, -   ,14,14, -   ,5600,5600, -   ,400,400, -   ,6,6, -   ,0.853363675,0.853363675, -   ,60000,60000, -   ,11999999,12000000, (1.00),199.9999833,200, (0.00001667)
7,16666,16666, -   ,58924587.5,58924588, (0.50),1.143333333,1.1433333, 0.0000000333 ,0.40224615,0.4022461, 0.0000000500 ,19054,19055, (1.00),23702188,23702186, 2.00 ,1243.948147,1243.88276, 0.06538737 ,0.49,0.49, -   ,0.172391233,0.1723912, 0.00000003 ,8166,8166, -   ,10158082,10158080, 2.00 ,1243.948322,1243.948077, 0.00024531 ,0.001347222,0.0013472, 0.00000002 ,0.000172926,0.00016935, 0.0000035762 ,22,22, -   ,10190,9979, 211.00 ,463.1818182,453.5909091, 9.59090908 ,7,7, -   ,0.853580147,0.853363675, 0.0002164715 ,116662,116662, -   ,21385706,21380466," 5,240.00 ",183.313384,183.2684679, 0.04491606 
8,23333,23333, -   ,85698741.67,85698742, (0.33),1.306666667,1.3066666, 0.0000000667 ,0.4022859,0.4022858, 0.0000001000 ,30488,30488, -   ,34475395,34475387, 8.00 ,1130.785719,1130.785457, 0.00026197 ,0.56,0.56, -   ,0.172408267,0.1724082, 0.00000007 ,13066,13066, -   ,14775172,14775166, 6.00 ,1130.810654,1130.810194, 0.00045960 ,0.001344444,0.0013444, 0.00000004 ,0.000176502,0.00016935, 0.0000071524 ,31,31, -   ,15126,14513, 613.00 ,487.9354839,468.1612903, 19.77419357 ,8,8, -   ,0.853796618,0.853363675, 0.0004329430 ,186664,186664, -   ,31106414,31091176," 15,238.00 ",166.6438842,166.5622509, 0.08163330 
9,30000,30000, -   ,111551400,111551400, -   ,1.47,1.4699999, 0.0000001000 ,0.40232565,0.4023255, 0.0000001500 ,44100,44100, -   ,44879990,44879973, 17.00 ,1017.686848,1017.686463, 0.00038507 ,0.63,0.63, -   ,0.1724253,0.1724252, 0.00000010 ,18900,18900, -   ,19234284,19234272, 12.00 ,1017.686984,1017.686349, 0.00063513 ,0.001341667,0.0013416, 0.00000007 ,0.000180079,0.00016935, 0.0000107286 ,40,40, -   ,20088,18891," 1,197.00 ",502.2,472.275, 29.92500000 ,9,9, -   ,0.85401309,0.853363675, 0.0006494145 ,270000,270000, -   ,40494771,40465024," 29,747.00 ",149.9806333,149.8704593, 0.11017403 
10,36666,36666, -   ,134645533.3,134645533, 0.33 ,1.633333333,1.6333332, 0.0000001333 ,0.4023654,0.4023652, 0.0000002000 ,59887,59888, (1.00),54176704,54176677, 27.00 ,904.6488219,904.6332654, 0.01555655 ,0.7,0.7, -   ,0.172442333,0.1724422, 0.00000013 ,25666,25666, -   ,23218590,23218572, 18.00 ,904.6438869,904.6431855, 0.00070135 ,0.001338889,0.0013388, 0.00000009 ,0.000183655,0.00016935, 0.0000143048 ,49,49, -   ,24728,22802," 1,926.00 ",504.6530612,465.3469388, 39.30612242 ,10,10, -   ,0.854229561,0.853363675, 0.0008658860 ,366660,366660, -   ,48883723,48835854," 47,869.00 ",133.3216686,133.1911144, 0.13055418 
11,43333,43333, -   ,153153137.5,153153138, (0.50),1.796666667,1.7966665, 0.0000001667 ,0.40240515,0.4024049, 0.0000002500 ,77854,77855, (1.00),61629611,61629573, 38.00 ,791.60494,791.5942842, 0.01065582 ,0.77,0.77, -   ,0.172459367,0.1724592, 0.00000017 ,33366,33366, -   ,26412693,26412668, 25.00 ,791.6050171,791.6042678, 0.00074928 ,0.001336111,0.001336, 0.00000011 ,0.000187231,0.00016935, 0.0000178810 ,58,58, -   ,28675,25936," 2,739.00 ",494.3965517,447.1724138, 47.22413792 ,11,11, -   ,0.854446033,0.853363675, 0.0010823575 ,476663,476663, -   ,55609192,55541142," 68,050.00 ",116.663538,116.5207746, 0.14276337 
12,50000,50000, -   ,165240000,165240000, -   ,1.96,1.96, -   ,0.4024449,0.4024449, -   ,98000,98000, -   ,66499995,66500000, (5.00),678.5713776,678.5714286, (0.00005105),0.84,0.84, -   ,0.1724764,0.1724764, -   ,42000,42000, -   ,28500000,28500000, -   ,678.5714286,678.5714286, (0.00000003),0.001333333,0.0013333, 0.00000003 ,0.000223009,0.000223009, -   ,67,67, -   ,36850,36850, -   ,550,550, -   ,12,12, -   ,0.854662504,0.854662504, -   ,600000,600000, -   ,60000004,60000000, 4.00 ,100.0000067,100, 0.00000667 
13,55833,55833, -   ,184515833.3,184515833, 0.33 ,1.96,1.96, -   ,0.402447608,0.4024476, 0.0000000083 ,109432,109433, (1.00),74257956,74257954, 2.00 ,678.5762483,678.5700292, 0.00621906 ,0.84,0.84, -   ,0.172477558,0.1724776, (0.00000004),46899,46900, (1.00),31824840,31824848, (8.00),678.5824858,678.5681876, 0.01429817 ,0.001333333,0.0013333, 0.00000003 ,0.000194383,0.000224599, (0.0000302156),74,74, -   ,35867,41442," (5,575.00)",484.6891892,560.027027, (75.33783781),12.66666667,12.6666667, (0.00000003),0.854679231,0.85467923, 0.0000000005 ,707218,707218, -   ,67004433,66999663," 4,770.00 ",94.74367592,94.73693119, 0.00674473 
14,61666,61666, -   ,203792200,203792200, -   ,1.96,1.96, -   ,0.402450317,0.4024503, 0.0000000167 ,120865,120865, -   ,82016235,82016232, 3.00 ,678.5772142,678.5771894, 0.00002485 ,0.84,0.84, -   ,0.172478717,0.1724788, (0.00000008),51799,51799, -   ,35149817,35149834, (17.00),678.5809958,678.581324, (0.00032823),0.001333333,0.0013333, 0.00000003 ,0.00019796,0.000226189, (0.0000282294),82,82, -   ,40343,46096," (5,753.00)",491.9878049,562.1463415, (70.15853662),13.33333333,13.3333334, (0.00000007),0.854695957,0.854695956, 0.0000000010 ,822213,822213, -   ,74004537,73999608," 4,929.00 ",90.00652751,90.00053271, 0.00599480 
15,67500,67500, -   ,223070850,223070850, -   ,1.96,1.96, -   ,0.402453025,0.402453, 0.0000000250 ,132300,132300, -   ,89775538,89775533, 5.00 ,678.5754951,678.5754573, 0.00003779 ,0.84,0.84, -   ,0.172479875,0.17248, (0.00000012),56700,56700, -   ,38475232,38475260, (28.00),678.5755203,678.5760141, (0.00049382),0.001333333,0.0013333, 0.00000003 ,0.000201536,0.000227779, (0.0000262432),90,90, -   ,44957,50811," (5,854.00)",499.5222222,564.5666667, (65.04444448),14,14.0000001, (0.00000010),0.854712684,0.854712682, 0.0000000015 ,945000,945000, -   ,81005500,81000476," 5,024.00 ",85.72010582,85.71478942, 0.00531640 
16,73333,73333, -   ,242346700,242346700, -   ,1.96,1.96, -   ,0.402455733,0.4024557, 0.0000000333 ,143732,143733, (1.00),97533819,97533811, 8.00 ,678.5811023,678.5763255, 0.00477683 ,0.84,0.84, -   ,0.172481033,0.1724812, (0.00000017),61599,61600, (1.00),41800209,41800250, (41.00),678.5858374,678.575487, 0.01035043 ,0.001333333,0.0013333, 0.00000003 ,0.000205112,0.000229369, (0.0000242570),98,98, -   ,49708,55587," (5,879.00)",507.2244898,567.2142857, (59.98979590),14.66666667,14.6666668, (0.00000013),0.85472941,0.854729408, 0.0000000020 ,1075550,1075551, (1.00),88005473,88000420," 5,053.00 ",81.82369299,81.81891886, 0.00477413 
17,79166,79166, -   ,261621466.7,261621467, (0.33),1.96,1.96, -   ,0.402458442,0.4024584, 0.0000000417 ,155165,155165, -   ,105291768,105291757, 11.00 ,678.5793703,678.5792995, 0.00007085 ,0.84,0.84, -   ,0.172482192,0.1724824, (0.00000021),66499,66499, -   ,45125044,45125099, (55.00),678.5822945,678.5831216, (0.00082713),0.001333333,0.0013333, 0.00000003 ,0.000208688,0.000230959, (0.0000222708),106,106, -   ,54597,60424," (5,827.00)",515.0660377,570.0377358, (54.97169806),15.33333333,15.3333335, (0.00000017),0.854746137,0.854746134, 0.0000000025 ,1213878,1213879, (1.00),95005082,95000064," 5,018.00 ",78.26575817,78.26155984, 0.00419833 
18,85000,85000, -   ,280898400,280898400, -   ,1.96,1.96, -   ,0.40246115,0.4024611, 0.0000000500 ,166600,166600, -   ,113050693,113050679, 14.00 ,678.5755882,678.5755042, 0.00008404 ,0.84,0.84, -   ,0.17248335,0.1724836, (0.00000025),71400,71400, -   ,48450297,48450367, (70.00),678.5755882,678.5765686, (0.00098036),0.001333333,0.0013333, 0.00000003 ,0.000212264,0.000232549, (0.0000202846),113,113, -   ,59625,65323," (5,698.00)",527.6548673,578.079646, (50.42477874),16,16.0000002, (0.00000020),0.854762863,0.85476286, 0.0000000030 ,1360000,1360000, -   ,102005507,102000588," 4,919.00 ",75.00404926,75.00043235, 0.00361691 
19,90833,90833, -   ,300172466.7,300172467, (0.33),1.96,1.96, -   ,0.402463858,0.4024638, 0.0000000583 ,178032,178033, (1.00),120808569,120808552, 17.00 ,678.5778343,678.5739273, 0.00390702 ,0.84,0.84, -   ,0.172484508,0.1724848, (0.00000029),76299,76300, (1.00),51775100,51775188, (88.00),678.5816328,678.5738925, 0.00774029 ,0.001333333,0.0013333, 0.00000003 ,0.000215841,0.000234139, (0.0000182984),121,121, -   ,64789,70282," (5,493.00)",535.446281,580.8429752, (45.39669421),16.66666667,16.6666669, (0.00000023),0.85477959,0.854779586, 0.0000000035 ,1513883,1513883, -   ,109004920,109000164," 4,756.00 ",72.00353,72.00038841, 0.00314159 
20,96666,96666, -   ,319446966.7,319446967, (0.33),1.96,1.96, -   ,0.402466567,0.4024665, 0.0000000667 ,189465,189465, -   ,128566724,128566703, 21.00 ,678.5777004,678.5775895, 0.00011087 ,0.84,0.84, -   ,0.172485667,0.172486, (0.00000033),81199,81199, -   ,55100023,55100130, (107.00),678.5800687,678.5813865, (0.00131778),0.001333333,0.0013333, 0.00000003 ,0.000219417,0.000235729, (0.0000163122),129,129, -   ,70092,75303," (5,211.00)",543.3488372,583.744186, (40.39534879),17.33333333,17.3333336, (0.00000027),0.854796316,0.854796312, 0.0000000040 ,1675544,1675544, -   ,116004517,115999989," 4,528.00 ",69.23394253,69.23124012, 0.00270241 
21,102500,102500, -   ,338723550,338723550, -   ,1.96,1.96, -   ,0.402469275,0.4024692, 0.0000000750 ,200900,200900, -   ,136325822,136325796, 26.00 ,678.5755202,678.5753907, 0.00012946 ,0.84,0.84, -   ,0.172486825,0.1724872, (0.00000037),86100,86100, -   ,58425350,58425477, (127.00),678.5754936,678.5769686, (0.00147499),0.001333333,0.0013333, 0.00000003 ,0.000222993,0.000237319, (0.0000143260),137,137, -   ,75533,80386," (4,853.00)",551.3357664,586.7591241, (35.42335768),18,18.0000003, (0.00000030),0.854813043,0.854813038, 0.0000000045 ,1845000,1845000, -   ,123004900,123000664," 4,236.00 ",66.66932249,66.66702656, 0.00229593 
22,108333,108333, -   ,357997233.3,357997233, 0.33 ,1.96,1.96, -   ,0.402471983,0.4024719, 0.0000000833 ,212332,212333, (1.00),144083857,144083827, 30.00 ,678.5781559,678.5748188, 0.00333711 ,0.84,0.84, -   ,0.172487983,0.1724884, (0.00000042),90999,91000, (1.00),61750221,61750370, (149.00),678.5813141,678.5754945, 0.00581958 ,0.001333333,0.0013333, 0.00000003 ,0.000226569,0.000238909, (0.0000123398),144,144, -   ,81111,85529," (4,418.00)",563.2708333,593.9513889, (30.68055557),18.66666667,18.666667, (0.00000033),0.854829769,0.854829764, 0.0000000050 ,2022216,2022216, -   ,130004259,130000379," 3,880.00 ",64.28801819,64.28609951, 0.00191868 
23,114166,114166, -   ,377269633.3,377269633, 0.33 ,1.96,1.96, -   ,0.402474692,0.4024746, 0.0000000917 ,223765,223765, -   ,151841479,151841445, 34.00 ,678.5756441,678.5754921, 0.00015199 ,0.84,0.84, -   ,0.172489142,0.1724896, (0.00000046),95899,95899, -   ,65074915,65075088, (173.00),678.5776181,678.5794221, (0.00180398),0.001333333,0.0013333, 0.00000003 ,0.000230145,0.000240499, (0.0000103536),152,152, -   ,86827,90733," (3,906.00)",571.2302632,596.9276316, (25.69736844),19.33333333,19.3333337, (0.00000037),0.854846496,0.85484649, 0.0000000055 ,2207209,2207209, -   ,137003181,136999722," 3,459.00 ",62.07077853,62.06921139, 0.00156714 
24,120000,120000, -   ,396544000,396544000, -   ,1.96,1.96, -   ,0.4024774,0.4024774, -   ,235200,235200, -   ,159599998,159600000, (2.00),678.5714201,678.5714286, (0.00000853),0.84,0.84, -   ,0.1724903,0.1724903, -   ,100800,100800, -   ,68399994,68400000, (6.00),678.571369,678.5714286, (0.00005955),0.001333333,0.0013333, 0.00000003 ,0.000242092,0.000242092, -   ,160,160, -   ,96000,96000, -   ,600,600, -   ,20,20, -   ,0.854863222,0.854863222, -   ,2400000,2400000, -   ,144000007,144000000, 7.00 ,60.00000292,60, 0.00000292 
25,126666,126666, -   ,418569000,418569000, -   ,1.96,1.96, -   ,0.402480275,0.4024803, (0.0000000250),248265,248265, -   ,168465766,168465777, (11.00),678.5723562,678.5724005, (0.00004435),0.84,0.84, -   ,0.172491533,0.1724915, 0.00000003 ,106399,106399, -   ,72199609,72199595, 14.00 ,678.5741313,678.5739998, 0.00013154 ,0.001333333,0.0013333, 0.00000003 ,0.000237298,0.000242119, (0.0000048212),169,169, -   ,99326,101344," (2,018.00)",587.7278107,599.6686391, (11.94082845),20.16666667,20.1666667, (0.00000003),0.854877655,0.854877655, (0.0000000003),2554431,2554431, -   ,152000922,151999200," 1,722.00 ",59.50480635,59.50413223, 0.00067412 
26,133333,133333, -   ,440597300,440597300, -   ,1.96,1.96, -   ,0.40248315,0.4024832, (0.0000000500),261332,261333, (1.00),177332989,177333011, (22.00),678.5735731,678.5710607, 0.00251238 ,0.84,0.84, -   ,0.172492767,0.1724927, 0.00000007 ,111999,112000, (1.00),75999847,75999818, 29.00 ,678.5761212,678.5698036, 0.00631762 ,0.001333333,0.0013333, 0.00000003 ,0.000240874,0.000242146, (0.0000012720),178,178, -   ,106128,106689, (561.00),596.2247191,599.3764045, (3.15168540),20.33333333,20.3333334, (0.00000007),0.854892087,0.854892088, (0.0000000007),2711104,2711104, -   ,160000181,159999707, 474.00 ,59.016615,59.01644017, 0.00017483 
27,140000,140000, -   ,462625600,462625600, -   ,1.96,1.96, -   ,0.402486025,0.4024861, (0.0000000750),274400,274400, -   ,186200339,186200374, (35.00),678.572664,678.5727915, (0.00012751),0.84,0.84, -   ,0.172494,0.1724939, 0.00000010 ,117600,117600, -   ,79800140,79800094, 46.00 ,678.572619,678.5722279, 0.00039115 ,0.001333333,0.0013333, 0.00000003 ,0.00024445,0.000242173, 0.0000022772 ,187,187, -   ,113089,112035," 1,054.00 ",604.7540107,599.1176471, 5.63636360 ,20.5,20.5000001, (0.00000010),0.85490652,0.854906521, (0.0000000010),2870000,2870000, -   ,167999417,168000328, (911.00),58.53638223,58.53669965, (0.00031742)
28,146666,146666, -   ,484648900,484648900, -   ,1.96,1.96, -   ,0.4024889,0.402489, (0.0000001000),287465,287465, -   ,195065803,195065851, (48.00),678.5723584,678.5725254, (0.00016703),0.84,0.84, -   ,0.172495233,0.1724951, 0.00000013 ,123199,123199, -   ,83599625,83599560, 65.00 ,678.5738926,678.573365, 0.00052765 ,0.001333333,0.0013333, 0.00000003 ,0.000248026,0.0002422, 0.0000058264 ,196,196, -   ,120206,117382," 2,824.00 ",613.2959184,598.8877551, 14.40816327 ,20.66666667,20.6666668, (0.00000013),0.854920953,0.854920954, (0.0000000013),3031097,3031097, -   ,175996819,175999249," (2,430.00)",58.06373699,58.06453868, (0.00080169)
29,153333,153333, -   ,506675500,506675500, -   ,1.96,1.96, -   ,0.402491775,0.4024919, (0.0000001250),300532,300533, (1.00),203932721,203932785, (64.00),678.5724016,678.5703567, 0.00204491 ,0.84,0.84, -   ,0.172496467,0.1724963, 0.00000017 ,128799,128800, (1.00),87399733,87399649, 84.00 ,678.574624,678.5687034, 0.00592063 ,0.001333333,0.0013333, 0.00000003 ,0.000251603,0.000242227, 0.0000093756 ,204,204, -   ,127481,122730," 4,751.00 ",624.9068627,601.6176471, 23.28921565 ,20.83333333,20.8333335, (0.00000017),0.854935385,0.854935387, (0.0000000017),3194437,3194438, (1.00),183995402,183999481," (4,079.00)",57.59869486,57.59995373, (0.00125887)
30,160000,160000, -   ,528702100,528702100, -   ,1.96,1.96, -   ,0.40249465,0.4024948, (0.0000001500),313600,313600, -   ,212799767,212799846, (79.00),678.5706856,678.5709375, (0.00025191),0.84,0.84, -   ,0.1724977,0.1724975, 0.00000020 ,134400,134400, -   ,91199896,91199790, 106.00 ,678.5706548,678.5698661, 0.00078866 ,0.001333333,0.0013333, 0.00000003 ,0.000255179,0.000242254, 0.0000129248 ,213,213, -   ,134914,128080," 6,834.00 ",633.399061,601.314554, 32.08450703 ,21,21.0000002, (0.00000020),0.854949818,0.85494982, (0.0000000020),3360000,3360000, -   ,191993963,191999829," (5,866.00)",57.14106042,57.14280625, (0.00174583)
31,166666,166666, -   ,550725400,550725400, -   ,1.96,1.96, -   ,0.402497525,0.4024977, (0.0000001750),326665,326665, -   ,221665610,221665707, (97.00),678.571656,678.5719529, (0.00029692),0.84,0.84, -   ,0.172498933,0.1724987, 0.00000023 ,139999,139999, -   ,94999544,94999416, 128.00 ,678.5730184,678.5721041, 0.00091428 ,0.001333333,0.0013333, 0.00000003 ,0.000258755,0.000242281, 0.0000164740 ,222,222, -   ,142503,133430," 9,073.00 ",641.9054054,601.036036, 40.86936941 ,21.16666667,21.1666669, (0.00000023),0.854964251,0.854964253, (0.0000000023),3527763,3527764, (1.00),199991308,199999092," (7,784.00)",56.69068699,56.69287741, (0.00219042)
32,173333,173333, -   ,572752000,572752000, -   ,1.96,1.96, -   ,0.4025004,0.4025006, (0.0000002000),339732,339733, (1.00),230532909,230533024, (115.00),678.5728427,678.5711838, 0.00165891 ,0.84,0.84, -   ,0.172500167,0.1724999, 0.00000027 ,145599,145600, (1.00),98799815,98799663, 152.00 ,678.5748185,678.569114, 0.00570451 ,0.001333333,0.0013333, 0.00000003 ,0.000262331,0.000242308, 0.0000200232 ,231,231, -   ,150251,138782," 11,469.00 ",650.4372294,600.7878788, 49.64935064 ,21.33333333,21.3333336, (0.00000027),0.854978683,0.854978686, (0.0000000027),3697770,3697771, (1.00),207989831,207999669," (9,838.00)",56.24736828,56.25001359, (0.00264531)
33,180000,180000, -   ,594778600,594778600, -   ,1.96,1.96, -   ,0.402503275,0.4025035, (0.0000002250),352800,352800, -   ,239400334,239400468, (134.00),678.5723753,678.5727551, (0.00037982),0.84,0.84, -   ,0.1725014,0.1725011, 0.00000030 ,151200,151200, -   ,102600141,102599963, 178.00 ,678.5723611,678.5711839, 0.00117721 ,0.001333333,0.0013333, 0.00000003 ,0.000265907,0.000242335, 0.0000235724 ,240,240, -   ,158156,144136," 14,020.00 ",658.9833333,600.5666667, 58.41666663 ,21.5,21.5000003, (0.00000030),0.854993116,0.854993119, (0.0000000030),3870000,3870000, -   ,215988334,216000360," (12,026.00)",55.81093902,55.81404651, (0.00310749)
34,186666,186666, -   ,616800200,616800200, -   ,1.96,1.96, -   ,0.40250615,0.4025064, (0.0000002500),365865,365865, -   ,248265874,248266028, (154.00),678.5723532,678.5727741, (0.00042091),0.84,0.84, -   ,0.172502633,0.1725023, 0.00000033 ,156799,156799, -   ,106399659,106399453, 206.00 ,678.5735815,678.5722677, 0.00131376 ,0.001333333,0.0013333, 0.00000003 ,0.000269484,0.000242362, 0.0000271216 ,249,249, -   ,166218,149489," 16,729.00 ",667.5421687,600.3574297, 67.18473897 ,21.66666667,21.666667, (0.00000033),0.855007549,0.855007552, (0.0000000033),4044430,4044430, -   ,223985001,223999350," (14,349.00)",55.38110463,55.38465247, (0.00354784)
35,193333,193333, -   ,638825100,638825100, -   ,1.96,1.96, -   ,0.402509025,0.4025093, (0.0000002750),378932,378933, (1.00),257132868,257133044, (176.00),678.5725882,678.5712619, 0.00132632 ,0.84,0.84, -   ,0.172503867,0.1725035, 0.00000037 ,162399,162400, (1.00),110199800,110199566, 234.00 ,678.5743755,678.5687562, 0.00561926 ,0.001333333,0.0013333, 0.00000003 ,0.00027306,0.000242389, 0.0000306708 ,258,258, -   ,174437,154844," 19,593.00 ",676.1124031,600.1705426, 75.94186050 ,21.83333333,21.8333337, (0.00000037),0.855021981,0.855021985, (0.0000000037),4221103,4221104, (1.00),231982850,231999653," (16,803.00)",54.95787475,54.96184245, (0.00396770)
36,200000,200000, -   ,660850000,660850000, -   ,1.96,1.96, -   ,0.4025119,0.4025119, -   ,392000,392000, -   ,265999989,266000000, (11.00),678.5714005,678.5714286, (0.00002809),0.84,0.84, -   ,0.1725051,0.1725051, -   ,168000,168000, -   ,113999995,114000000, (5.00),678.5713988,678.5714286, (0.00002979),0.001333333,0.0013333, 0.00000003 ,0.000242415,0.000242415, -   ,267,267, -   ,160200,160200, -   ,600,600, -   ,22,22, -   ,0.855036414,0.855036414, -   ,4400000,4400000, -   ,240000014,240000000, 14.00 ,54.54545773,54.54545455, 0.00000318 
37,202000,202000, -   ,667458500,667458500, -   ,1.96,1.96, -   ,0.4025119,0.4025119, -   ,395920,395920, -   ,268659989,268659989, -   ,678.5714008,678.5714008, (0.00000001),0.84,0.84, -   ,0.1725051,0.1725051, -   ,169680,169680, -   ,115139995,115139995, -   ,678.5713991,678.5713991, 0.00000000 ,0.001333333,0.0013333, 0.00000003 ,0.000280212,0.000242415, 0.0000377972 ,269,269, -   ,187030,161802," 25,228.00 ",695.2788104,601.4944238, 93.78438661 ,22,22, -   ,0.855036414,0.855036414, -   ,4444000,4444000, -   ,242378443,242400014," (21,571.00)",54.54060374,54.5454577, (0.00485396)
38,204020,204020, -   ,674133000,674133000, -   ,1.96,1.96, -   ,0.4025119,0.4025119, -   ,399879,399879, -   ,271346555,271346555, -   ,678.5716554,678.5716554, 0.00000003 ,0.84,0.84, -   ,0.1725051,0.1725051, -   ,171376,171377, (1.00),116291381,116291381, -   ,678.5744853,678.5705258, 0.00395954 ,0.001333333,0.0013333, 0.00000003 ,0.000283788,0.000242415, 0.0000413734 ,272,272, -   ,191311,163420," 27,891.00 ",703.3492647,600.8088235, 102.54044121 ,22,22, -   ,0.855036414,0.855036414, -   ,4488440,4488440, -   ,244800134,244823982," (23,848.00)",54.54013733,54.54545054, (0.00531321)
39,206060,206060, -   ,680873500,680873500, -   ,1.96,1.96, -   ,0.4025119,0.4025119, -   ,403877,403878, (1.00),274059686,274059686, -   ,678.5721544,678.5704743, 0.00168009 ,0.84,0.84, -   ,0.1725051,0.1725051, -   ,173090,173090, -   ,117454151,117454151, -   ,678.5727136,678.5727136, 0.00000002 ,0.001333333,0.0013333, 0.00000003 ,0.000287365,0.000242415, 0.0000449496 ,275,275, -   ,195659,165054," 30,605.00 ",711.4872727,600.1963636, 111.29090913 ,22,22, -   ,0.855036414,0.855036414, -   ,4533320,4533320, -   ,247245753,247271921," (26,168.00)",54.53966475,54.54543712, (0.00577237)
40,208120,208120, -   ,687680000,687680000, -   ,1.96,1.96, -   ,0.4025119,0.4025119, -   ,407915,407915, -   ,276799383,276799383, -   ,678.5712293,678.5712293, 0.00000000 ,0.84,0.84, -   ,0.1725051,0.1725051, -   ,174820,174821, (1.00),118628307,118628307, -   ,678.5740018,678.5701203, 0.00388153 ,0.001333333,0.0013333, 0.00000003 ,0.000290941,0.000242415, 0.0000485258 ,277,277, -   ,200074,166704," 33,370.00 ",722.2888087,601.8194946, 120.46931406 ,22,22, -   ,0.855036414,0.855036414, -   ,4578640,4578640, -   ,249715297,249743829," (28,532.00)",54.53918565,54.5454172, (0.00623155)
41,210201,210201, -   ,694557500,694557500, -   ,1.96,1.96, -   ,0.4025119,0.4025119, -   ,411993,411994, (1.00),279567659,279567659, -   ,678.5738083,678.5721612, 0.00164709 ,0.84,0.84, -   ,0.1725051,0.1725051, -   ,176568,176569, (1.00),119814711,119814711, -   ,678.5754553,678.5716122, 0.00384315 ,0.001333333,0.0013333, 0.00000003 ,0.000294517,0.000242415, 0.0000521020 ,280,280, -   ,204559,168371," 36,188.00 ",730.5678571,601.325, 129.24285714 ,22,22, -   ,0.855036414,0.855036414, -   ,4624422,4624422, -   ,252210579,252241521," (30,942.00)",54.53883296,54.54552396, (0.00669100)
42,212303,212303, -   ,701502600,701502600, -   ,1.96,1.96, -   ,0.4025119,0.4025119, -   ,416113,416114, (1.00),282363144,282363144, -   ,678.5732337,678.571603, 0.00163071 ,0.84,0.84, -   ,0.1725051,0.1725051, -   ,178334,178335, (1.00),121012776,121012776, -   ,678.5737773,678.5699722, 0.00380509 ,0.001333333,0.0013333, 0.00000003 ,0.000298093,0.000242415, 0.0000556782 ,283,283, -   ,209113,170055," 39,058.00 ",738.9151943,600.9010601, 138.01413425 ,22,22, -   ,0.855036414,0.855036414, -   ,4670666,4670666, -   ,254730368,254763764," (33,396.00)",54.5383395,54.54548966, (0.00715016)
43,214426,214426, -   ,708517000,708517000, -   ,1.96,1.96, -   ,0.4025119,0.4025119, -   ,420274,420275, (1.00),285186524,285186524, -   ,678.5728453,678.5712307, 0.00161463 ,0.84,0.84, -   ,0.1725051,0.1725051, -   ,180117,180118, (1.00),122222796,122222796, -   ,678.5744599,678.5706925, 0.00376743 ,0.001333333,0.0013333, 0.00000003 ,0.000301669,0.000242415, 0.0000592544 ,286,286, -   ,213738,171755," 41,983.00 ",747.3356643,600.541958, 146.79370634 ,22,22, -   ,0.855036414,0.855036414, -   ,4717372,4717372, -   ,257275277,257311174," (35,897.00)",54.5378395,54.54544903, (0.00760953)
44,216570,216570, -   ,715600700,715600700, -   ,1.96,1.96, -   ,0.4025119,0.4025119, -   ,424477,424477, -   ,288037797,288037797, -   ,678.5710345,678.5710345, (0.00000003),0.84,0.84, -   ,0.1725051,0.1725051, -   ,181918,181919, (1.00),123444770,123444770, -   ,678.573698,678.569968, 0.00373004 ,0.001333333,0.0013333, 0.00000003 ,0.000305246,0.000242415, 0.0000628306 ,289,289, -   ,218434,173472," 44,962.00 ",755.8269896,600.2491349, 155.57785472 ,22,22, -   ,0.855036414,0.855036414, -   ,4764540,4764540, -   ,259845309,259883753," (38,444.00)",54.53733393,54.5454027, (0.00806877)
45,218735,218735, -   ,722755400,722755400, -   ,1.96,1.96, -   ,0.4025119,0.4025119, -   ,428720,428721, (1.00),290917649,290917649, -   ,678.5726092,678.5710264, 0.00158276 ,0.84,0.84, -   ,0.1725051,0.1725051, -   ,183737,183737, -   ,124678993,124678993, -   ,678.5731399,678.5731399, (0.00000003),0.001333333,0.0013333, 0.00000003 ,0.000308822,0.000242415, 0.0000664068 ,292,292, -   ,223203,175207," 47,996.00 ",764.3938356,600.0239726, 164.36986302 ,22,22, -   ,0.855036414,0.855036414, -   ,4812170,4812170, -   ,262441076,262482115," (41,039.00)",54.53695027,54.54547844, (0.00852817)
46,220922,220922, -   ,729981000,729981000, -   ,1.96,1.96, -   ,0.4025119,0.4025119, -   ,433007,433007, -   ,293826039,293826039, -   ,678.5711062,678.5711062, 0.00000004 ,0.84,0.84, -   ,0.1725051,0.1725051, -   ,185574,185574, -   ,125925445,125925445, -   ,678.5726718,678.5726718, 0.00000002 ,0.001333333,0.0013333, 0.00000003 ,0.000312398,0.000242415, 0.0000699830 ,295,295, -   ,228045,176958," 51,087.00 ",773.0338983,599.8576271, 173.17627121 ,22,22, -   ,0.855036414,0.855036414, -   ,4860284,4860284, -   ,265062546,265106227," (43,681.00)",54.53643162,54.54541895, (0.00898733)
47,223131,223131, -   ,737280900,737280900, -   ,1.96,1.96, -   ,0.4025119,0.4025119, -   ,437336,437337, (1.00),296764336,296764336, -   ,678.5728502,678.5712986, 0.00155157 ,0.84,0.84, -   ,0.1725051,0.1725051, -   ,187430,187430, -   ,127184715,127184715, -   ,678.5718135,678.5718135, (0.00000002),0.001333333,0.0013333, 0.00000003 ,0.000315974,0.000242415, 0.0000735592 ,298,298, -   ,232962,178728," 54,234.00 ",781.7516779,599.7583893, 181.99328855 ,22,22, -   ,0.855036414,0.855036414, -   ,4908882,4908882, -   ,267710950,267757322," (46,372.00)",54.53603285,54.5454794, (0.00944655)
48,225362,225362, -   ,744651700,744651700, -   ,1.96,1.96, -   ,0.4025119,0.4025119, -   ,441709,441710, (1.00),299731171,299731171, -   ,678.5715731,678.5700369, 0.00153624 ,0.84,0.84, -   ,0.1725051,0.1725051, -   ,189304,189304, -   ,128456216,128456216, -   ,678.5710603,678.5710603, 0.00000001 ,0.001333333,0.0013333, 0.00000003 ,0.00031955,0.000242415, 0.0000771354 ,300,300, -   ,237954,180515," 57,439.00 ",793.18,601.7166667, 191.46333330 ,22,22, -   ,0.855036414,0.855036414, -   ,4957964,4957964, -   ,270385052,270434164," (49,112.00)",54.53550127,54.54540695, (0.00990568)
49,227615,227615, -   ,752096800,752096800, -   ,1.96,1.96, -   ,0.4025119,0.4025119, -   ,446125,446125, -   ,302727912,302727912, -   ,678.5719518,678.5719518, 0.00000001 ,0.84,0.84, -   ,0.1725051,0.1725051, -   ,191196,191197, (1.00),129740534,129740534, -   ,678.5734743,678.5699253, 0.00354904 ,0.001333333,0.0013333, 0.00000003 ,0.000323127,0.000242415, 0.0000807116 ,303,303, -   ,243022,182320," 60,702.00 ",802.0528053,601.7161716, 200.33663368 ,22,22, -   ,0.855036414,0.855036414, -   ,5007530,5007530, -   ,273086089,273137991," (51,902.00)",54.53508796,54.54545275, (0.01036479)
50,229891,229891, -   ,759617800,759617800, -   ,1.96,1.96, -   ,0.4025119,0.4025119, -   ,450586,450586, -   ,305755204,305755204, -   ,678.5723569,678.5723569, (0.00000001),0.84,0.84, -   ,0.1725051,0.1725051, -   ,193108,193108, -   ,131037945,131037945, -   ,678.5733631,678.5733631, (0.00000001),0.001333333,0.0013333, 0.00000003 ,0.000326703,0.000242415, 0.0000842878 ,307,307, -   ,248169,184143," 64,026.00 ",808.3680782,599.8143322, 208.55374598 ,22,22, -   ,0.855036414,0.855036414, -   ,5057602,5057602, -   ,275814638,275869383," (54,745.00)",54.53466643,54.54549073, (0.01082430)
51,232189,232189, -   ,767209700,767209700, -   ,1.96,1.96, -   ,0.4025119,0.4025119, -   ,455090,455090, -   ,308811034,308811034, -   ,678.5713463,678.5713463, 0.00000003 ,0.84,0.84, -   ,0.1725051,0.1725051, -   ,195038,195039, (1.00),132347586,132347586, -   ,678.5733344,678.5698553, 0.00347913 ,0.001333333,0.0013333, 0.00000003 ,0.000330279,0.000242415, 0.0000878640 ,310,310, -   ,253393,185983," 67,410.00 ",817.3967742,599.9451613, 217.45161289 ,22,22, -   ,0.855036414,0.855036414, -   ,5108158,5108158, -   ,278568886,278626524," (57,638.00)",54.53411699,54.54540051, (0.01128352)
52,234510,234510, -   ,774879200,774879200, -   ,1.96,1.96, -   ,0.4025119,0.4025119, -   ,459639,459640, (1.00),311898099,311898099, -   ,678.5718771,678.5704007, 0.00147636 ,0.84,0.84, -   ,0.1725051,0.1725051, -   ,196988,196988, -   ,133670614,133670614, -   ,678.5723699,678.5723699, (0.00000001),0.001333333,0.0013333, 0.00000003 ,0.000333855,0.000242415, 0.0000914402 ,313,313, -   ,258697,187842," 70,855.00 ",826.5079872,600.1341853, 226.37380192 ,22,22, -   ,0.855036414,0.855036414, -   ,5159220,5159220, -   ,281351263,281411846," (60,583.00)",54.53368203,54.5454247, (0.01174267)
53,236855,236855, -   ,782627900,782627900, -   ,1.96,1.96, -   ,0.4025119,0.4025119, -   ,464235,464236, (1.00),315017043,315017043, -   ,678.5723674,678.5709057, 0.00146174 ,0.84,0.84, -   ,0.1725051,0.1725051, -   ,198958,198958, -   ,135007304,135007304, -   ,678.5718795,678.5718795, (0.00000001),0.001333333,0.0013333, 0.00000003 ,0.000337431,0.000242415, 0.0000950164 ,316,316, -   ,264083,189721," 74,362.00 ",835.7056962,600.3829114, 235.32278480 ,22,22, -   ,0.855036414,0.855036414, -   ,5210810,5210810, -   ,284162349,284225931," (63,582.00)",54.53323936,54.5454413, (0.01220194)
54,239223,239223, -   ,790452500,790452500, -   ,1.96,1.96, -   ,0.4025119,0.4025119, -   ,468877,468877, -   ,318166538,318166538, -   ,678.5714334,678.5714334, 0.00000005 ,0.84,0.84, -   ,0.1725051,0.1725051, -   ,200947,200947, -   ,136357088,136357088, -   ,678.5723997,678.5723997, (0.00000001),0.001333333,0.0013333, 0.00000003 ,0.000341008,0.000242415, 0.0000985926 ,319,319, -   ,269550,191618," 77,932.00 ",844.984326,600.6833856, 244.30094042 ,22,22, -   ,0.855036414,0.855036414, -   ,5262906,5262906, -   ,287000945,287067579," (66,634.00)",54.53278949,54.54545056, (0.01266107)
55,241615,241615, -   ,798356300,798356300, -   ,1.96,1.96, -   ,0.4025119,0.4025119, -   ,473565,473565, -   ,321347911,321347911, -   ,678.5719194,678.5719194, (0.00000002),0.84,0.84, -   ,0.1725051,0.1725051, -   ,202956,202957, (1.00),137720533,137720533, -   ,678.5733509,678.5700074, 0.00334347 ,0.001333333,0.0013333, 0.00000003 ,0.000344584,0.000242415, 0.0001021688 ,322,322, -   ,275101,193534," 81,567.00 ",854.3509317,601.0372671, 253.31366458 ,22,22, -   ,0.855036414,0.855036414, -   ,5315530,5315530, -   ,289868250,289937993," (69,743.00)",54.53233262,54.54545323, (0.01312061)
56,244031,244031, -   ,806339300,806339300, -   ,1.96,1.96, -   ,0.4025119,0.4025119, -   ,478300,478301, (1.00),324561164,324561164, -   ,678.5723688,678.5709501, 0.00141871 ,0.84,0.84, -   ,0.1725051,0.1725051, -   ,204986,204986, -   ,139097642,139097642, -   ,678.5714244,678.5714244, (0.00000001),0.001333333,0.0013333, 0.00000003 ,0.00034816,0.000242415, 0.0001057450 ,325,325, -   ,280735,195469," 85,266.00 ",863.8,601.4430769, 262.35692310 ,22,22, -   ,0.855036414,0.855036414, -   ,5368682,5368682, -   ,292764262,292837168," (72,906.00)",54.53186872,54.54544858, (0.01357986)
57,246471,246471, -   ,814401500,814401500, -   ,1.96,1.96, -   ,0.4025119,0.4025119, -   ,483083,483083, -   ,327806295,327806295, -   ,678.5713739,678.5713739, (0.00000004),0.84,0.84, -   ,0.1725051,0.1725051, -   ,207035,207036, (1.00),140488412,140488412, -   ,678.5732461,678.5699685, 0.00327757 ,0.001333333,0.0013333, 0.00000003 ,0.000351736,0.000242415, 0.0001093212 ,329,329, -   ,286454,197423," 89,031.00 ",870.6808511,600.0699088, 270.61094226 ,22,22, -   ,0.855036414,0.855036414, -   ,5422362,5422362, -   ,295688983,295765107," (76,124.00)",54.53139849,54.54543739, (0.01403890)
58,248935,248935, -   ,822542900,822542900, -   ,1.96,1.96, -   ,0.4025119,0.4025119, -   ,487912,487913, (1.00),331083306,331083306, -   ,678.5717629,678.5703722, 0.00139074 ,0.84,0.84, -   ,0.1725051,0.1725051, -   ,209105,209105, -   ,141892845,141892845, -   ,678.5722245,678.5722245, (0.00000002),0.001333333,0.0013333, 0.00000003 ,0.000355312,0.000242415, 0.0001128974 ,332,332, -   ,292260,199397," 92,863.00 ",880.3012048,600.5933735, 279.70783132 ,22,22, -   ,0.855036414,0.855036414, -   ,5476570,5476570, -   ,298642407,298721808," (79,401.00)",54.53092118,54.54541949, (0.01449831)
59,251424,251424, -   ,830768500,830768500, -   ,1.96,1.96, -   ,0.4025119,0.4025119, -   ,492791,492791, -   ,334394207,334394207, -   ,678.572066,678.572066, 0.00000005 ,0.84,0.84, -   ,0.1725051,0.1725051, -   ,211196,211196, -   ,143311803,143311803, -   ,678.572525,678.572525, 0.00000005 ,0.001333333,0.0013333, 0.00000003 ,0.000358889,0.000242415, 0.0001164736 ,335,335, -   ,298153,201391," 96,762.00 ",890.0089552,601.1671642, 288.84179102 ,22,22, -   ,0.855036414,0.855036414, -   ,5531328,5531328, -   ,301626354,301709089," (82,735.00)",54.53054926,54.54550679, (0.01495753)
60,253938,253938, -   ,839074900,839074900, -   ,1.96,1.96, -   ,0.4025119,0.4025119, -   ,497718,497718, -   ,337737632,337737632, -   ,678.5722678,678.5722678, 0.00000003 ,0.84,0.84, -   ,0.1725051,0.1725051, -   ,213307,213308, (1.00),144744700,144744700, -   ,678.5745428,678.5713616, 0.00318120 ,0.001333333,0.0013333, 0.00000003 ,0.000362465,0.000242415, 0.0001200498 ,339,339, -   ,304135,203404," 100,731.00 ",897.1533923,600.0117994, 297.14159293 ,22,22, -   ,0.855036414,0.855036414, -   ,5586636,5586636, -   ,304639584,304725713," (86,129.00)",54.5300578,54.54547477, (0.01541697)
